RMSE,MAE,MAPE,R2,battery_id
0.09805328427463933,0.08115915667169457,49475303.571673535,0.8841799558111604,B0028
0.1016356581796486,0.0869866033854982,36140516.14877128,0.8805311848530611,B0031
0.10247084077054336,0.08756513814390447,7241185.636549625,0.8748567954566866,B0036
0.08483385979290264,0.07021173668170977,12108717.226601113,0.9145846382833048,B0043
0.3674940648400173,0.24221068400126364,177896194.44536042,-0.5637494313944809,B0051
0.13703926072405626,0.11294451053279796,15545969.374357367,0.7762676407389861,B0056
