RMSE,MAE,MAPE,R2
0.11015096745666238,0.08804818404725095,18106880.116053883,0.8560653886990679
