RMSE,MAE,MAPE,R2,battery_id
0.11451402348937648,0.09350133106595979,40614520.19729986,0.8420292119616027,B0028
0.1174650569830001,0.09531188832469022,28606578.86414911,0.8404195313981624,B0031
0.11138719734259117,0.09286356372675347,6884975.227042305,0.852130969367496,B0036
0.08501168955138315,0.07248718047206519,12093790.112058861,0.9142261655396118,B0043
0.08955384795623249,0.07615875974249929,38680690.13462037,0.9071386466742359,B0051
0.10607454216896532,0.08804419430713414,18925550.60516348,0.8659517588297545,B0056
