RMSE,MAE,MAPE,R2,battery_id
0.10710665997054408,0.08719866895738802,42001192.84874564,0.8618049811583478,B0028
0.09652177606399497,0.08351839160280441,40762332.53215867,0.892251072045568,B0031
0.1163355590937551,0.09626504692852626,10111123.465681283,0.8387010147247749,B0036
0.0848404733871664,0.07047821942222045,12028429.159056619,0.9145713199086043,B0043
0.11674284415456768,0.09971181584337092,54396198.97834472,0.8421927160737283,B0051
0.11802849267162693,0.09759437069641365,16520460.027429093,0.8340365287839515,B0056
