RMSE,MAE,MAPE,R2,battery_id
0.12091192875436944,0.0969321942101612,50109838.76190713,0.8238844373703451,B0028
0.11676489179614066,0.09652343245507831,39150363.5559952,0.8423162604022658,B0031
0.12849052894528282,0.10123915419506162,8517189.222445583,0.8032345213049719,B0036
0.08297477380457005,0.06705496696425044,12865769.642921507,0.9182872767522297,B0043
0.0967486765169627,0.08385164979665172,55382605.69803429,0.8916181471216267,B0051
0.09408471516342734,0.08088906963124859,16209411.09449121,0.8945426298278357,B0056
