RMSE,MAE,MAPE,R2
0.10845123477809981,0.08945931432985291,18235305.529486433,0.8604732078186171
