RMSE,MAE,MAPE,R2
0.13250354140491244,0.09611423495893856,23108557.10923765,0.7917219135254011
