RMSE,MAE,MAPE,R2
0.10466218403786405,0.0867612616721555,15654241.562421573,0.8700524206986555
