RMSE,MAE,MAPE,R2
0.10471824731484351,0.08679368915156685,15638121.393502446,0.8699131681421712
