RMSE,MAE,MAPE,R2
0.35455687468530506,0.27885090233589105,61017108.61005619,-0.4912842412270746
