RMSE,MAE,MAPE,R2,battery_id
0.39696985839436016,0.32759500241846623,260387834.23200595,-0.898342196384424,B0028
0.2957457576154793,0.24991755378514532,136751791.38070783,-0.011578046612284343,B0031
0.4310124284180881,0.34504711955730877,27239324.78506734,-1.2140440609239098,B0036
0.23767427551878267,0.19064557747985583,23777053.975464925,0.3295569583427381,B0043
0.2649087296768843,0.21143224595628518,136561554.25562152,0.18743325216991535,B0051
0.32492697028860634,0.2623441095953473,64200743.54355848,-0.2577962925051731,B0056
