RMSE,MAE,MAPE,R2,variant
0.122242195442736,0.09004060509734545,19699045.29916754,0.8227317775904874,SAN_TCN_3SVR
0.10246556937249345,0.08617883438525654,15821822.751745172,0.8754497731769614,NoSAN_TCN_3SVR
0.1072366520236215,0.08850354910022852,18029643.469534248,0.863580924889207,PCA_TCN_3SVR
0.10478377504580268,0.08538688747289576,12685690.333473038,0.869750312819657,WHITEN_TCN_3SVR
0.10471824731484351,0.08679368915156685,15638121.393502446,0.8699131681421712,SAN_noTCN_3SVR
0.33679951414653164,0.266025020878765,58428789.751012184,-0.34564815459998344,SAN_TCN_1SVR
