RMSE,MAE,MAPE,R2
0.10362605396852843,0.085578420095413,19588309.72322147,0.8726125837829091
