RMSE,MAE,MAPE,R2
0.11679101665250657,0.09302976996866617,19701867.2049239,0.8381892073411432
