RMSE,MAE,MAPE,R2,battery_id
0.37377683919283466,0.3125067652653409,245421049.57033405,-0.6830003677234779,B0028
0.20447383522235416,0.1539840140389594,77633117.37283798,0.516453956110998,B0031
0.23536527406589336,0.15900820973694552,10783870.53682096,0.33977578799730335,B0036
0.19575835001566283,0.16918820521750252,23871984.86934128,0.545181499686449,B0043
0.25959152436410055,0.1949437118591389,270590347.2019863,0.21972530384175593,B0051
0.1847042470761109,0.15275191879421768,33796858.6673646,0.5935636416336654,B0056
