RMSE,MAE,MAPE,R2,battery_id
0.10120275965007712,0.08274250342769573,46412529.16694702,0.8766201758099237,B0028
0.10641883886913872,0.09056347568777853,31862874.39105306,0.8690216905279641,B0031
0.10316337932246517,0.08793556167442422,6694939.309000328,0.8731595446825395,B0036
0.08189012911153563,0.06688898289753367,12505671.66417774,0.9204096083355617,B0043
0.19643085419789585,0.12775706193000608,64964194.7833821,0.5532280318831122,B0051
0.06998241524626254,0.03902074788992113,1117707.9878733708,0.9416532538165462,B0056
