RMSE,MAE,MAPE,R2,battery_id
0.12139208484615262,0.09788671119361078,69986875.88742682,0.8224829070818409,B0028
0.11920733384292,0.1010789492933177,33001423.554143224,0.8356505336741379,B0031
0.12997225255834036,0.09980861036392469,8142387.463551397,0.7986702454087089,B0036
0.07459170544211023,0.06123977187814279,14124759.658800982,0.9339643276723306,B0043
0.24287227258626262,0.13432907747998946,74511679.30158338,0.31699736525051625,B0051
0.10500296036202926,0.08546177896924903,15684450.67766512,0.86864643180398,B0056
