RMSE,MAE,MAPE,R2
0.1072366520236215,0.08850354910022852,18029643.469534248,0.863580924889207
