RMSE,MAE,MAPE,R2
0.33679951414653164,0.266025020878765,58428789.751012184,-0.34564815459998344
