RMSE,MAE,MAPE,R2
0.10246556937249345,0.08617883438525654,15821822.751745172,0.8754497731769614
