RMSE,MAE,MAPE,R2,battery_id
0.1174156467842289,0.09432251097672771,52014709.10148787,0.8339222753670551,B0028
0.11125779986154936,0.09212321556324221,38069196.01195969,0.8568394746160107,B0031
0.11407911552155378,0.09480433646088536,7386406.710856838,0.8448974409722422,B0036
0.08251592429811819,0.06865997965698611,14021384.653654957,0.9191885186783665,B0043
0.12301026861575087,0.10758564022183706,63309461.993157454,0.8247938931320262,B0051
0.10891835585036833,0.09042957653641491,14701047.649491403,0.8586678577157397,B0056
