RMSE,MAE,MAPE,R2
0.122242195442736,0.09004060509734545,19699045.29916754,0.8227317775904874
