RMSE,MAE,MAPE,R2,battery_id
0.11463596379703497,0.09364295257634307,40649800.88740362,0.8416926023129747,B0028
0.11751593142572371,0.09537093487193668,28614565.470371168,0.8402812719752274,B0031
0.11147007651571737,0.0929200858958265,6853764.973266904,0.8519108395387436,B0036
0.08499682572545006,0.07245992113329458,12093333.551898478,0.9142561570830041,B0043
0.08947099786101524,0.07611893665002786,38494723.09269701,0.9073103872150232,B0051
0.10615172804325573,0.0880729192227167,18939441.213720083,0.8657566055935705,B0056
