RMSE,MAE,MAPE,R2,battery_id
0.39397767403391787,0.32347565426672004,272709663.2768158,-0.8698323116986271,B0028
0.4012197537976625,0.3324881907308268,186167465.95308328,-0.8617740076436773,B0031
0.3854038148064656,0.3186731323828615,11980069.928462362,-0.7702666620426439,B0036
0.23776425051958955,0.17312321936246716,25242240.289397087,0.32904925063081525,B0043
0.2576245042933363,0.19648878338769077,136190034.10150185,0.2315053576036744,B0051
0.2992318203800089,0.24156017001454946,56603777.29194965,-0.06672957817311187,B0056
