RMSE,MAE,MAPE,R2,battery_id
0.08913282816881336,0.07404317988749198,47334788.24228511,0.9042949597492937,B0028
0.1016970626206701,0.08699328506297399,34162269.29613672,0.8803867841183741,B0031
0.10833529581483102,0.09212948261590433,6499590.572295433,0.8601229000323081,B0036
0.09186887192923267,0.07569479963330591,10280245.219478538,0.8998307787394818,B0043
0.11460116618566855,0.09812656501754242,63742188.829214744,0.8479296379367706,B0051
0.10240969421798087,0.0862813954029273,12323257.805842627,0.8750544115174038,B0056
