RMSE,MAE,MAPE,R2
0.10478377504580268,0.08538688747289576,12685690.333473038,0.869750312819657
