RMSE,MAE,MAPE,R2,battery_id
0.10056848304748783,0.08277918714955754,49020101.39529597,0.8781618670213868,B0028
0.10171571692127677,0.08732993340394861,34499767.396717824,0.8803428987696348,B0031
0.10049945933612703,0.0856750669340051,6958535.511967857,0.8796256033611468,B0036
0.08967010314980957,0.07410054291845981,12476488.73502451,0.9045682541753047,B0043
0.1853127102953796,0.1205668555115024,23868125.82035108,0.6023720340034376,B0051
0.10327447499034796,0.08855447381705726,2707186.4063158818,0.8729353396794182,B0056
