RMSE,MAE,SMAPE,R2,battery_id
0.09880286898035835,0.07601710986625987,34.01737900546847,0.8869669056147808,B0049
