RMSE,MAE,SMAPE,R2,battery_id
0.10214017414744019,0.08652921205477569,28.820033762364865,0.8756631500094632,B0036
