RMSE,MAE,SMAPE,R2
0.49174202389240573,0.4464483921972298,87.28918841328087,-1.962966071962538
