RMSE,MAE,MAPE,R2,battery_id
0.11820424431260089,0.09797172290237177,61609485.534142144,0.8316839315361306,B0028
0.10907944465719906,0.08950134639674981,41331214.63537155,0.8623905734554398,B0031
0.10574535309358526,0.0885414281135397,7573155.862925077,0.8667309640922493,B0036
0.08753063526566597,0.06967592300113774,14178944.51748824,0.9090678015535963,B0043
0.11305741269157511,0.09851224521819342,68312916.21276855,0.8519990201259267,B0051
0.10684684939212752,0.08920677241178598,16729583.567241589,0.863992696829909,B0056
