RMSE,MAE,SMAPE,R2,battery_id
0.23695868394322103,0.2078623780793038,51.037113101740026,0.331064804902819,B0056
