RMSE,MAE,SMAPE,R2
0.10996469923328485,0.09201956649740575,28.570583720023667,0.8659273859159737
