RMSE,MAE,SMAPE,R2,battery_id
0.17157582293016435,0.13934453815087683,41.116378507935636,0.6356450896640965,B0018
