RMSE,MAE,SMAPE,R2
0.4636402315707016,0.44489028567930206,85.11224415965508,-1.6339908258220128
