RMSE,MAE,SMAPE,R2,battery_id
0.09728595486526455,0.08354845319055444,28.85517609513945,0.8876694663928479,B0044
