RMSE,MAE,SMAPE,R2
0.11418052680087022,0.09417360061389919,32.09320478246893,0.8429479819026107
