RMSE,MAE,SMAPE,R2,battery_id
0.10567122661296595,0.08925893483080719,29.98901988761735,0.8761924889113853,B0005
