RMSE,MAE,SMAPE,R2,battery_id
0.08920337410070113,0.07118549376147167,25.903041691227834,0.9055591050838572,B0042
