RMSE,MAE,SMAPE,R2
0.09782954341394955,0.08336331540369799,32.847267323011394,0.8891829565813356
