RMSE,MAE,SMAPE,R2
0.10466908669174477,0.08604120195016603,29.94713693199133,0.8694804230550888
