RMSE,MAE,SMAPE,R2
0.11623169378336368,0.09699454930817775,41.49128595145242,0.8372546570710067
