RMSE,MAE,SMAPE,R2
0.09903761064371684,0.08231445247092493,29.962666804489558,0.8823603294707791
