RMSE,MAE,SMAPE,R2,battery_id
0.1036575687362063,0.08251422421631742,30.092097752637812,0.8738010765883801,B0053
