RMSE,MAE,SMAPE,R2
0.11216655619577899,0.09191758017696514,34.09801152899418,0.8544912463331662
