RMSE,MAE,SMAPE,R2,battery_id
0.07108469243951893,0.06160515315587805,25.12323693725017,0.9374590285219203,B0018
