RMSE,MAE,SMAPE,R2
0.11179958778162499,0.09025616573297109,33.67911119096051,0.8554417929195599
