RMSE,MAE,SMAPE,R2
0.1088862207656207,0.09204780111236759,32.74891561949907,0.8571746537301246
