RMSE,MAE,SMAPE,R2,battery_id
0.08690210264810079,0.07368306586356478,26.33941420825614,0.9103690293980055,B0044
