RMSE,MAE,SMAPE,R2,battery_id
0.23636542708777278,0.16998874068080808,43.8919984571998,0.3341527985826426,B0034
