RMSE,MAE,SMAPE,R2
0.09661823487604125,0.08127567131102788,28.844720638699847,0.8887866337785755
