RMSE,MAE,SMAPE,R2,battery_id
0.3327936600158113,0.2746824313747357,59.36194412816758,-0.33416494264891305,B0028
