RMSE,MAE,SMAPE,R2
0.12836566686296175,0.10846833271292093,32.13254408447314,0.7980937361644855
