RMSE,MAE,SMAPE,R2
0.09733052973168448,0.08360930428324596,29.332267616698022,0.8949655731698064
