RMSE,MAE,SMAPE,R2
0.1453013920584439,0.1300908198652993,35.723218662324555,0.7659152907720856
