RMSE,MAE,SMAPE,R2,battery_id
0.09539017067585333,0.08106665124183998,28.325439505261265,0.891553903501402,B0033
