RMSE,MAE,SMAPE,R2,battery_id
0.23114013669999084,0.20897172199103353,54.86715736529734,0.35922697184278385,B0047
