RMSE,MAE,SMAPE,R2
0.11297000048029208,0.09481198256404343,32.534109997210805,0.8462604173433804
