RMSE,MAE,SMAPE,R2,battery_id
0.11169799609195111,0.09279738696799357,31.331231241671862,0.8513046333524645,B0036
