RMSE,MAE,SMAPE,R2,battery_id
0.21993839957396857,0.1772257531932905,45.631950362866746,0.41982954025909236,B0046
