RMSE,MAE,SMAPE,R2
0.11375818123656053,0.09314235674749198,34.91946833768193,0.8503324572233791
