RMSE,MAE,SMAPE,R2,battery_id
0.11220409308673308,0.09193297852025153,34.09962933066935,0.8543938401127512,B0030
