RMSE,MAE,SMAPE,R2
0.10048453437139017,0.08658469972189455,30.227375024123507,0.878897825859779
