RMSE,MAE,SMAPE,R2,battery_id
0.10722000895993178,0.09095021168558633,36.9363835412427,0.867042136754442,B0032
