RMSE,MAE,SMAPE,R2
0.12084404434508918,0.09361476405127189,31.76464975849322,0.8240821373810565
