RMSE,MAE,SMAPE,R2,battery_id
0.08953775540964516,0.07757279537113085,28.0879991417407,0.9073039827023828,B0041
