RMSE,MAE,SMAPE,R2,battery_id
0.12079552995524057,0.09838680664601082,31.57785126285925,0.8312862820983545,B0041
