RMSE,MAE,SMAPE,R2,battery_id
0.08833950397403457,0.06536111218708694,24.844159905094063,0.9073794313761588,B0044
