RMSE,MAE,SMAPE,R2
0.23955960020929573,0.19622099647204638,48.64132143048063,0.3162994215118121
