RMSE,MAE,SMAPE,R2,battery_id
0.1102228606422882,0.09281787274890571,33.17637638977829,0.8536466078175795,B0025
