RMSE,MAE,SMAPE,R2
0.2865219807804895,0.23559268963922322,56.21659988742086,0.05053657777979681
