RMSE,MAE,SMAPE,R2
0.0967499700485343,0.08189567277352205,29.974419481249527,0.8877322109957944
