RMSE,MAE,SMAPE,R2,battery_id
0.227474114093142,0.17784278746176202,46.950418602801925,0.38586832877840094,B0043
