RMSE,MAE,SMAPE,R2,battery_id
0.1044190796729134,0.08719883463319617,28.579470920969577,0.8701031826730695,B0056
