RMSE,MAE,SMAPE,R2
0.10058807401321937,0.08637227017543823,29.43778345294162,0.87941323125274
