RMSE,MAE,SMAPE,R2
0.09291092093265924,0.07902595867430162,27.98881515259249,0.9042878602773323
