RMSE,MAE,SMAPE,R2,battery_id
0.1503818090624816,0.13060823828328832,38.785607784578346,0.7492597204692166,B0007
