RMSE,MAE,SMAPE,R2,battery_id
0.10373722992976449,0.08714487963231136,28.046355969886413,0.8681374944113618,B0038
