RMSE,MAE,SMAPE,R2
0.11495638453029872,0.08788511709482211,31.71914799457624,0.8425027897814277
