RMSE,MAE,SMAPE,R2
0.10015216634037256,0.08219386361202496,25.465181544764707,0.8770941017096581
