RMSE,MAE,MAPE,R2
0.1001153147161567,0.07525445176764697,13951815.76770882,0.8810978681576884
