RMSE,MAE,SMAPE,R2
0.11993794483294187,0.10056068896747071,34.653830830023594,0.8237353449216651
