RMSE,MAE,SMAPE,R2
0.29236857410947586,0.24376779752760622,60.120907304550755,0.011651634591390958
