RMSE,MAE,SMAPE,R2,battery_id
0.1076182719536107,0.0808988497359261,32.79967676769519,0.8658969874050098,B0049
