RMSE,MAE,SMAPE,R2
0.08628870302637243,0.07102139623173806,25.186470209519058,0.9116298864928268
