RMSE,MAE,SMAPE,R2,battery_id
0.3976584249139877,0.3335029267737937,76.18272489843739,-0.8965917943259114,B0045
