RMSE,MAE,SMAPE,R2,battery_id
0.27436116822703943,0.23162366007783552,59.38281565870158,0.12841089536837125,B0052
