RMSE,MAE,SMAPE,R2
0.10051063332290726,0.08314384850931703,30.104165897744817,0.8788349097055792
