RMSE,MAE,SMAPE,R2
0.11579172507672146,0.09679448659684052,32.529666139207784,0.8384843963534203
