RMSE,MAE,MAPE,R2,battery_id
0.11878145396495571,0.09622203339428322,55990453.21684255,0.8300360910863867,B0028
0.11561726220174712,0.09571139239774944,38923544.086605,0.8454006331741788,B0031
0.11926956463907966,0.09996455483802573,7699768.613524451,0.8304624352835864,B0036
0.08431155268095832,0.06696036398744257,13277627.912730746,0.9156331751213008,B0043
0.10938803454535094,0.09484542030394287,90334162.8355146,0.861450123153234,B0051
0.09076083921256281,0.07795744477026463,14466651.454696003,0.901862318428737,B0056
