RMSE,MAE,SMAPE,R2
0.10056532703712094,0.08324270716202563,26.852198131296696,0.8760779553732148
