RMSE,MAE,SMAPE,R2
0.08648526046585599,0.07347207349738114,26.899348177469854,0.9112268305653209
