RMSE,MAE,SMAPE,R2
0.09627491119109143,0.08075841008100945,29.20927452187495,0.8888320122360142
