RMSE,MAE,SMAPE,R2
0.27022773275087236,0.20371072836907736,58.27031717881512,0.1544752186932421
