RMSE,MAE,SMAPE,R2,battery_id
0.09894507384026545,0.08257246627971986,28.797558446027775,0.8833203745160768,B0036
