RMSE,MAE,SMAPE,R2
0.09674660375290224,0.08261854746137268,29.055229328838106,0.8884909169536714
