RMSE,MAE,SMAPE,R2,battery_id
0.08651925033236087,0.07349870157010126,26.919759921710604,0.9111570387626706,B0043
