RMSE,MAE,SMAPE,R2,battery_id
0.1147364111512405,0.0944524116780864,34.76551629449659,0.8477473461104654,B0029
