RMSE,MAE,SMAPE,R2
0.09754719105928066,0.08118738685949436,27.713580905110707,0.8944974317291262
