RMSE,MAE,SMAPE,R2,battery_id
0.09749762054206075,0.07862706755559097,23.928339743759032,0.8835230303137627,B0040
