RMSE,MAE,SMAPE,R2,battery_id
0.09118102507552545,0.07442201674690802,28.03542418122598,0.8970985756444785,B0018
