RMSE,MAE,SMAPE,R2
0.11262745932109536,0.09536313936560206,29.56295944775788,0.8445679394551127
