RMSE,MAE,SMAPE,R2
0.11051015651299015,0.09401153280075525,35.86778154263657,0.8585930048248714
