RMSE,MAE,SMAPE,R2,battery_id
0.09205088982683189,0.0788383388075913,28.56999961054442,0.8951258563210547,B0018
