RMSE,MAE,SMAPE,R2
0.1342232023585724,0.1092745098471266,41.12608788306311,0.7839229292663736
