RMSE,MAE,SMAPE,R2
0.09107289018279266,0.07380288350464906,25.5581253111268,0.8983680477677712
