RMSE,MAE,SMAPE,R2,battery_id
0.3490081893759324,0.28439554706579834,61.4170996227253,-0.40874888062560144,B0029
