RMSE,MAE,SMAPE,R2
0.42188543839807063,0.36019849977247914,71.70433144343626,-1.1212689939748524
