RMSE,MAE,SMAPE,R2,battery_id
0.0968609785979004,0.08195294690956338,29.978666823599497,0.887474436567931,B0048
