RMSE,MAE,SMAPE,R2
0.10011293917920712,0.08414285298391554,31.088629152866055,0.8840841638442981
