RMSE,MAE,SMAPE,R2,battery_id
0.13689385579430016,0.10657656963091787,35.52679891476573,0.7775842988458845,B0042
