RMSE,MAE,SMAPE,R2,battery_id
0.11876702230086035,0.09416696746181526,39.04785108431567,0.8343294364841614,B0053
