RMSE,MAE,SMAPE,R2,battery_id
0.3327065731302773,0.26655377013542736,56.47277236181328,-0.3334667738958561,B0025
