RMSE,MAE,SMAPE,R2
0.42312751925768805,0.3023667876483455,81.605670227313,-1.073046527010181
