RMSE,MAE,SMAPE,R2,battery_id
0.07157987932911095,0.06162532459085771,23.465944909793343,0.9431912256431596,B0005
