RMSE,MAE,SMAPE,R2
0.0972208442800839,0.08354902377277981,29.2889801855487,0.8952021743059309
