RMSE,MAE,SMAPE,R2
0.10051659869998905,0.08632528323750609,29.430430690733015,0.8795845421151819
