RMSE,MAE,SMAPE,R2,battery_id
0.11020519492229863,0.08526361666335666,29.96882752425028,0.8573546078085568,B0053
