RMSE,MAE,SMAPE,R2
0.13726687856680936,0.1154330875131767,50.743768094115225,0.776327749857697
