RMSE,MAE,SMAPE,R2
0.5469416845220244,0.4987765317287446,146.76605462568494,-2.5638616465695825
