RMSE,MAE,SMAPE,R2
0.2067321614182994,0.16161679085720013,42.42103188264027,0.49266283077925943
