RMSE,MAE,SMAPE,R2,battery_id
0.0950487638515865,0.08268079042091477,29.152799548757244,0.8927558683982812,B0054
