RMSE,MAE,SMAPE,R2
0.09263851297763644,0.07907445134241967,29.61513833902333,0.900631288998204
