RMSE,MAE,SMAPE,R2
0.10347297952166581,0.08716729977606189,31.364909460731006,0.8761727413726692
