RMSE,MAE,SMAPE,R2
0.09681168542300007,0.08160881415685887,30.614289299815795,0.8882976694056258
