RMSE,MAE,SMAPE,R2
0.1145592183019923,0.0929095939884986,44.26584633623677,0.8482172448900449
