RMSE,MAE,SMAPE,R2
0.09293112470029415,0.07904212919742433,27.998096351284683,0.9042462299488221
