RMSE,MAE,SMAPE,R2
0.09146221054979457,0.07941659115195726,28.113666265246177,0.9072493668471644
