RMSE,MAE,SMAPE,R2
0.08217037692411974,0.07119208102617998,25.916021915839003,0.9251375469088221
