RMSE,MAE,SMAPE,R2,battery_id
0.08532329462170965,0.06866005776810516,28.148784732312105,0.9157050147077247,B0049
