RMSE,MAE,SMAPE,R2
0.13481709961996066,0.10943129531483692,37.489139162472156,0.7895463485514076
