RMSE,MAE,SMAPE,R2
0.11155867741513861,0.09201475627235303,31.149002250509106,0.8538292999237471
