RMSE,MAE,SMAPE,R2,battery_id
0.09903761064371684,0.08231445247092493,29.962666804489558,0.8823603294707791,B0046
