RMSE,MAE,SMAPE,R2
0.07555493567649402,0.0662750011616365,24.88440039761509,0.9367064906542295
