RMSE,MAE,SMAPE,R2,battery_id
0.2865219807804895,0.23559268963922322,56.21659988742086,0.05053657777979681,B0030
