RMSE,MAE,SMAPE,R2
0.12261800982542898,0.10387651054963158,46.12198812774114,0.8157699136150877
