RMSE,MAE,SMAPE,R2,battery_id
0.10018652539977564,0.0822007604899632,25.46672007321067,0.8770097569452437,B0038
