RMSE,MAE,SMAPE,R2,battery_id
0.11485804042100736,0.09601217345873188,39.64282797093128,0.8472471538337683,B0050
