RMSE,MAE,SMAPE,R2
0.12188252789602053,0.10345021369687762,34.73696706316207,0.8218292543784571
