RMSE,MAE,SMAPE,R2,battery_id
0.09467980144110097,0.08211410012874183,28.81094697059126,0.8932043741823621,B0055
