RMSE,MAE,SMAPE,R2,battery_id
0.11171601657975516,0.09420593173440703,30.875355084384513,0.8512566507693402,B0034
