RMSE,MAE,SMAPE,R2
0.11340492160764987,0.09400860034740677,31.858498615333527,0.8450743802944924
