RMSE,MAE,SMAPE,R2,battery_id
0.2446174716056699,0.21314338368938412,56.292583798660424,0.307146441679349,B0051
