RMSE,MAE,SMAPE,R2
0.1348758002166394,0.10947994033565277,37.49953064808701,0.7893630417688562
