RMSE,MAE,SMAPE,R2,battery_id
0.10506230805571702,0.08784183577779409,31.991215441170638,0.867612382663795,B0048
