RMSE,MAE,SMAPE,R2,battery_id
0.30307449828870286,0.24781181283714332,57.35065224212072,-0.06233413974923696,B0032
