RMSE,MAE,SMAPE,R2,battery_id
0.09340133551585993,0.08404622189181854,29.618204400242742,0.9032747929770688,B0006
