RMSE,MAE,SMAPE,R2
0.11579537047017883,0.0952059539981743,35.28319018945186,0.8447438190890284
