RMSE,MAE,SMAPE,R2
0.09741833671082396,0.08109329920406444,27.698595643376613,0.8947759735463987
