RMSE,MAE,SMAPE,R2,battery_id
0.11953042087666642,0.09732080804834169,30.718206125185386,0.8278859460715795,B0025
