RMSE,MAE,SMAPE,R2,battery_id
0.11963847787133719,0.10004387443462932,31.843048763100796,0.8345028851797238,B0041
