RMSE,MAE,SMAPE,R2
0.12461406047563853,0.09876554422598546,34.91939174442847,0.813753728951746
