RMSE,MAE,SMAPE,R2
0.09960955776174836,0.08511683433443554,29.516886219278515,0.8822395235542047
