RMSE,MAE,SMAPE,R2
0.10722924951103004,0.0885458569295397,30.521784838161707,0.863508023214272
