RMSE,MAE,SMAPE,R2,battery_id
0.401798597218445,0.33785133609310297,67.23454159033017,-0.9448059250222249,B0026
