RMSE,MAE,SMAPE,R2
0.3541889730002839,0.2872906346097163,71.12264800658916,-0.45256835343481416
