RMSE,MAE,SMAPE,R2
0.10794415407192122,0.09128948957210437,32.775065718869065,0.8596353681087842
