RMSE,MAE,SMAPE,R2
0.117626509861124,0.09861140428760302,27.331643074797846,0.8304637970995606
