RMSE,MAE,SMAPE,R2,battery_id
0.1147699727063801,0.08773385126583472,31.68266312108025,0.8430131666164193,B0033
