RMSE,MAE,SMAPE,R2,battery_id
0.13417922526048093,0.10921845126402926,41.01268833792674,0.7840644977235484,B0045
