RMSE,MAE,SMAPE,R2,battery_id
0.10750542170320355,0.0899977229818211,28.59013838499926,0.8583838563148318,B0039
