RMSE,MAE,SMAPE,R2
0.09386828852177063,0.07986800899741017,30.97921962884188,0.8980939078621776
