RMSE,MAE,MAPE,R2
0.10604388293523566,0.08737707455317484,19568602.610898435,0.866598764845782
