RMSE,MAE,SMAPE,R2
0.07157987932911095,0.06162532459085771,23.465944909793343,0.9431912256431596
