RMSE,MAE,SMAPE,R2,battery_id
0.2165238886029813,0.15470146211288355,42.22972523321164,0.4435717560993725,B0044
