RMSE,MAE,SMAPE,R2
0.10372805796533364,0.08258070921328915,30.101803593235257,0.8736293826242659
