RMSE,MAE,SMAPE,R2
0.3880886835868138,0.30912131588958636,62.142803722210566,-0.8143513614887188
