RMSE,MAE,SMAPE,R2,battery_id
0.14328188898789843,0.0929837015448287,40.01664895464214,0.7622890964374418,B0050
