RMSE,MAE,SMAPE,R2
0.10246446646288634,0.08502690264764512,28.812771383256138,0.8748723643047611
