RMSE,MAE,SMAPE,R2
0.3754464030945924,0.29155024129941665,60.162624519003614,-0.6302651493562181
