RMSE,MAE,SMAPE,R2
0.09698858901890811,0.08272811518899477,31.705387935621296,0.8912063290192044
