RMSE,MAE,SMAPE,R2
0.09909009887417214,0.0823568734043068,29.958480068703288,0.8822356024233637
