RMSE,MAE,SMAPE,R2,battery_id
0.09262981230508949,0.07915311148891342,29.615907217670735,0.9006499536763671,B0051
