RMSE,MAE,SMAPE,R2
0.11509882904602112,0.09833673941014195,30.60300281807704,0.8421732553413055
