RMSE,MAE,SMAPE,R2
0.1147403841849696,0.0944425253585687,34.76184608442311,0.8477368016739374
