RMSE,MAE,SMAPE,R2
0.1126056983769148,0.09298059062836196,32.12151735296316,0.8472503677237863
