RMSE,MAE,SMAPE,R2,battery_id
0.12836566686296175,0.10846833271292093,32.13254408447314,0.7980937361644855,B0040
