RMSE,MAE,SMAPE,R2
0.12069424918766443,0.09829260264716058,31.55609570184038,0.8315690788439802
