RMSE,MAE,SMAPE,R2,battery_id
0.09749132611754262,0.07864479763191243,24.016653826306662,0.8835380692823762,B0040
