RMSE,MAE,SMAPE,R2
0.27175933365838395,0.22754956489818762,54.36852632670753,0.1201518482503392
