RMSE,MAE,SMAPE,R2
0.09310546232931237,0.08117927036684817,27.79792922184841,0.9038866272069194
