RMSE,MAE,SMAPE,R2,battery_id
0.11558368805474924,0.09655807862313584,33.1522304559643,0.8454904084919281,B0030
