RMSE,MAE,SMAPE,R2,battery_id
0.09813704414470681,0.0831146586963922,29.49845804019401,0.8856954610489252,B0043
