RMSE,MAE,SMAPE,R2,battery_id
0.11158045578069248,0.09010935400345974,33.64501243058591,0.8560079181680126,B0032
