RMSE,MAE,SMAPE,R2,battery_id
0.12499933692833795,0.100416022125235,33.82109029863021,0.8117760621459239,B0026
