RMSE,MAE,SMAPE,R2,battery_id
0.09464351593132968,0.08205742285702514,28.773114130330775,0.8932862161613987,B0055
