RMSE,MAE,SMAPE,R2
0.09104111247562145,0.07429088085530795,28.0128684414745,0.8974141272609919
