RMSE,MAE,SMAPE,R2,battery_id
0.20063687849262432,0.17128080662213652,50.44368592138926,0.5272025362035417,B0053
