RMSE,MAE,SMAPE,R2
0.1306862630265003,0.1062397314986908,31.1191468292859,0.8106377633219847
