RMSE,MAE,SMAPE,R2
0.11368637250920555,0.09310510553984383,34.89681786140072,0.8505213498999331
