RMSE,MAE,SMAPE,R2
0.10907236983502402,0.08677512716510467,51.65898360989615,0.8622486054132613
