RMSE,MAE,SMAPE,R2,battery_id
0.09080866375414652,0.07489445813098829,25.47763477415831,0.9021294338947832,B0044
