RMSE,MAE,SMAPE,R2
0.11176893795646269,0.0933344111637748,35.53774553136762,0.8553532252969787
