RMSE,MAE,SMAPE,R2,battery_id
0.1007533579790171,0.08561828741495055,31.367628735510504,0.8825964017319269,B0031
