RMSE,MAE,SMAPE,R2,battery_id
0.10203880151984242,0.07726054865028036,28.659096695234137,0.87642568030383,B0042
