RMSE,MAE,SMAPE,R2
0.1158020370083136,0.09683027921597712,32.54652887863834,0.838455627250659
