RMSE,MAE,SMAPE,R2,battery_id
0.11311686706543515,0.09497068094687788,32.557962784434004,0.8458604193890031,B0027
