RMSE,MAE,SMAPE,R2
0.11111657642151931,0.09283245236190102,31.736630310508296,0.8519149571615253
