RMSE,MAE,SMAPE,R2,battery_id
0.11691156444165032,0.09984784915447775,36.851764389094306,0.8417362507498302,B0049
