RMSE,MAE,SMAPE,R2
0.10296956073814782,0.08981670641950527,34.66398987993499,0.8772322699232842
