RMSE,MAE,SMAPE,R2,battery_id
0.20878689506755285,0.1813133585789702,47.6371055724793,0.477170645939893,B0048
