RMSE,MAE,SMAPE,R2
0.11604557046378618,0.10042248660818917,37.97381004518526,0.8440721676789673
