RMSE,MAE,SMAPE,R2,battery_id
0.09591390600577608,0.08073077825181116,28.958279784078435,0.8907946925228029,B0054
