RMSE,MAE,SMAPE,R2,battery_id
0.08981325560582316,0.07630079430266672,27.24620844525592,0.910563586707282,B0007
