RMSE,MAE,SMAPE,R2
0.10931618890801503,0.0898290454546432,31.68865883583917,0.8560444538483672
