RMSE,MAE,SMAPE,R2,battery_id
0.1982655000638667,0.1506606760424837,52.80410070341333,0.5334568367356065,B0042
