RMSE,MAE,SMAPE,R2,battery_id
0.1055732495943481,0.08971592334642646,32.54011301102519,0.8657336398573452,B0027
