RMSE,MAE,SMAPE,R2,battery_id
0.12395923088748928,0.10194890069971094,33.1386128921986,0.8148954123304758,B0028
