RMSE,MAE,SMAPE,R2,battery_id
0.11418052680087022,0.09417360061389919,32.09320478246893,0.8429479819026107,B0026
