RMSE,MAE,SMAPE,R2
0.12395923088748928,0.10194890069971094,33.1386128921986,0.8148954123304758
