RMSE,MAE,SMAPE,R2,battery_id
0.10577080666839406,0.08777572296150175,29.725904668225592,0.8706458691955135,B0041
