RMSE,MAE,SMAPE,R2,battery_id
0.09939995461378798,0.08698351493834737,31.109322256731495,0.8814979499800599,B0046
