RMSE,MAE,SMAPE,R2
0.09776512928687708,0.08403245903862322,29.422659346910475,0.8860866482898087
