RMSE,MAE,SMAPE,R2
0.2245333675418756,0.18626089357620015,49.16957851025615,0.4016444687156262
