RMSE,MAE,MAPE,R2
0.22692688945075296,0.16991574366074436,49577851.48437236,0.3891134998749203
