RMSE,MAE,MAPE,R2,battery_id
0.10362825987910285,0.08563928849447817,73146386.8651811,0.8706352815298867,B0028
0.10564141360303253,0.08554619275710344,51452269.28646058,0.870928381339708,B0031
0.13654973671673376,0.11174577756788348,6453902.7900213655,0.777777306736701,B0036
0.08769709578842037,0.06375943037631408,12159283.988154124,0.908721613862789,B0043
0.11174755520801204,0.09849519955859418,62625163.54913521,0.8554085653546957,B0051
0.1120554925417615,0.09264609709895234,15928075.711395103,0.8504091307310284,B0056
