RMSE,MAE,SMAPE,R2,battery_id
0.11981735042902399,0.0994685356096879,33.929023475642026,0.8278159516927163,B0048
