RMSE,MAE,SMAPE,R2,battery_id
0.10635892542641641,0.08805220436536101,29.29514021026645,0.8651799281213962,B0036
