RMSE,MAE,SMAPE,R2
0.10183079283275588,0.08209701681620382,28.951619895389285,0.8769054454656133
