RMSE,MAE,SMAPE,R2
0.10456056989835975,0.08826932736887626,31.589673011091712,0.8735559982961741
