RMSE,MAE,SMAPE,R2
0.09905023011293843,0.08446104914685318,28.91816203210643,0.8830722345341533
