RMSE,MAE,SMAPE,R2
0.10042040121115985,0.08341356546028197,29.432419804700537,0.8798613652163954
