RMSE,MAE,SMAPE,R2
0.09839192912689211,0.08155370073354362,29.520684160897563,0.8838892467149094
