RMSE,MAE,SMAPE,R2
0.11033174157699067,0.09134196152918705,29.222440608155438,0.8508397931659066
