RMSE,MAE,SMAPE,R2
0.14337297333021495,0.09304420046571277,40.09867695500681,0.7619867745812062
