RMSE,MAE,SMAPE,R2
0.12217525087915046,0.09795316788137484,33.115224792708815,0.8273650085466502
