RMSE,MAE,SMAPE,R2
0.08301668071978086,0.06605456718852994,23.649510182456687,0.9182047168910419
