RMSE,MAE,SMAPE,R2,battery_id
0.07458910986300119,0.06258582341058957,23.195990402284036,0.9339689232993751,B0044
