RMSE,MAE,SMAPE,R2
0.10146078590116628,0.08680263039806212,31.09927446789359,0.8765332730808333
