RMSE,MAE,SMAPE,R2,battery_id
0.09610084162555788,0.07700802749999655,37.04404439396729,0.8930647502457134,B0050
