RMSE,MAE,SMAPE,R2
0.11185933230573279,0.09054828386065221,31.687491016706016,0.8492685482783242
