RMSE,MAE,SMAPE,R2
0.10038464884556908,0.08303213334044234,30.065627593082112,0.8791384667165028
