RMSE,MAE,SMAPE,R2,battery_id
0.12842922974555487,0.10270079132044864,29.800429051198577,0.7978937306349383,B0040
