RMSE,MAE,SMAPE,R2
0.11485804042100736,0.09601217345873188,39.64282797093128,0.8472471538337683
