RMSE,MAE,SMAPE,R2,battery_id
0.08609447742346495,0.07353642813612203,27.485473808937467,0.9082590919975931,B0018
