RMSE,MAE,SMAPE,R2
0.44920797606234664,0.416161948130296,83.12409443399159,-1.472560617947115
