RMSE,MAE,SMAPE,R2,battery_id
0.14643257589557335,0.1199235371008643,34.36741643995876,0.744446356725003,B0036
