RMSE,MAE,SMAPE,R2,battery_id
0.12084404434508918,0.09361476405127189,31.76464975849322,0.8240821373810565,B0026
