RMSE,MAE,SMAPE,R2
0.28014749830394237,0.20847738217434245,49.83936798319887,0.06463703621305472
