RMSE,MAE,MAPE,R2,variant
0.10286648968245762,0.08358780282818358,15070982.272092275,0.8744732030680052,SAN_TCN_3SVR
0.11589180043149133,0.09394029199291543,18162561.73573895,0.8406712946454296,NoSAN_TCN_3SVR
0.1071643432212461,0.08711219714546055,17669859.957383793,0.863764835409495,PCA_TCN_3SVR
0.12070948126483766,0.08471397909126774,28234402.976797167,0.8271492076575794,WHITEN_TCN_3SVR
0.10471824731484351,0.08679368915156685,15638121.393502446,0.8699131681421712,SAN_noTCN_3SVR
0.3134119206889867,0.25216294632419045,63039665.93242902,-0.1652513891355929,SAN_TCN_1SVR
