RMSE,MAE,MAPE,R2
0.10286648968245762,0.08358780282818358,15070982.272092275,0.8744732030680052
