RMSE,MAE,MAPE,R2,battery_id
0.09623730658740481,0.07962215194448692,47768512.206585534,0.8884302766435243,B0028
0.10056839209777949,0.08615801481069751,37414626.29691496,0.8830270717827531,B0031
0.09963973427116733,0.08529183804631824,6928472.412483402,0.8816762857739017,B0036
0.08581510294738073,0.07163769059410921,11851592.645556256,0.9125972724325617,B0043
0.3653666668170981,0.23891609269279995,333616332.13465524,-0.5456969581923901,B0051
0.07421762188816715,0.060993028001377306,3562156.487420256,0.9343774871074207,B0056
