RMSE,MAE,MAPE,R2,battery_id
0.10608007155866847,0.08854462190206631,73837095.73656526,0.8644414094624941,B0028
0.0940734136543123,0.07702692762286514,44619447.4520251,0.897648041838351,B0031
0.11190693663237207,0.09127100765131148,7183219.568591211,0.8507478185577204,B0036
0.09610528393751627,0.07663236040701503,13377903.884933734,0.8903794283552733,B0043
0.11538052259839572,0.09106419464626382,23973586.252695486,0.8458542662966825,B0051
0.11222449254931817,0.09318042258910803,15104251.895825155,0.8499575701422043,B0056
