RMSE,MAE,MAPE,R2
0.12070948126483766,0.08471397909126774,28234402.976797167,0.8271492076575794
