RMSE,MAE,MAPE,R2
0.11589180043149133,0.09394029199291543,18162561.73573895,0.8406712946454296
