RMSE,MAE,MAPE,R2
0.3134119206889867,0.25216294632419045,63039665.93242902,-0.1652513891355929
