RMSE,MAE,MAPE,R2,battery_id
0.3463880200064903,0.2900180213960922,238411779.88844126,-0.44539039117086965,B0028
0.4004758716850202,0.326991729707997,186080211.22605547,-0.8548767574782501,B0031
0.3245066725073435,0.2716175209890975,22741905.80080408,-0.2550295021623048,B0036
0.20554833186397706,0.16143581694409634,38160516.2384719,0.4985525312559589,B0043
0.26586271097547987,0.20490198231546333,93511461.26024148,0.1815703329080547,B0051
0.3498953168335334,0.2860582202892543,64326799.52012118,-0.4585289290699759,B0056
