RMSE,MAE,MAPE,R2,battery_id
0.12903653891944572,0.10480607144138224,76335629.87334996,0.7994212834960772,B0028
0.10407654395014838,0.08699780347240846,36393717.97145378,0.8747239437469045,B0031
0.1273285809346057,0.10360159609939901,6622470.898872192,0.8067771558465822,B0036
0.10118838050104452,0.07974977640905931,10753695.991548896,0.8784769053509519,B0043
0.11189363801144277,0.09452565709464109,63960988.03954027,0.8550302818523812,B0051
0.10918732392442713,0.0904587667491378,14242346.474320352,0.8579689714649478,B0056
