RMSE,MAE,MAPE,R2
0.1071643432212461,0.08711219714546055,17669859.957383793,0.863764835409495
