RMSE,MAE,MAPE,R2,battery_id
0.11546902236770414,0.0984084732763653,56080923.27884871,0.8393834052153368,B0028
0.11999075605504778,0.09993788772239898,36546938.62962609,0.8334832491156842,B0031
0.10744829209968715,0.0867676802888142,7272243.2289436385,0.8624040325813285,B0036
0.07287803340604841,0.06103282719822278,11540134.511658566,0.9369636846053694,B0043
0.11177664734568117,0.09488430760129407,13984356.677373635,0.8553332702582221,B0051
0.10856677958724906,0.08896355403569248,14597017.350977479,0.8595787938154892,B0056
