RMSE,MAE,MAPE,R2,variant
0.11015096745666238,0.08804818404725095,18106880.116053883,0.8560653886990679,SAN_TCN_3SVR
0.10466218403786405,0.0867612616721555,15654241.562421573,0.8700524206986555,NoSAN_TCN_3SVR
0.10845123477809981,0.08945931432985291,18235305.529486433,0.8604732078186171,PCA_TCN_3SVR
0.13250354140491244,0.09611423495893856,23108557.10923765,0.7917219135254011,WHITEN_TCN_3SVR
0.10471824731484351,0.08679368915156685,15638121.393502446,0.8699131681421712,SAN_noTCN_3SVR
0.35455687468530506,0.27885090233589105,61017108.61005619,-0.4912842412270746,SAN_TCN_1SVR
