{
  "early": {
    "N": 1767,
    "RMSE_cycles": 137.5919184696848
  },
  "mid": {
    "N": 512,
    "RMSE_cycles": 105.64201250974264
  },
  "late": {
    "N": 227,
    "RMSE_cycles": 46.433827777990295
  }
}