variant,RMSE_mean,RMSE_std,MAE_mean,MAE_std,SMAPE_mean,SMAPE_std,R2_mean,R2_std
NoSAN_TCN_3SVR,0.10606887414249873,0.013483475418850374,0.08646656590304828,0.009770806530871048,30.851346474336317,4.026023261246869,0.8652015571856349,0.03529554527953724
PCA_TCN_3SVR,0.11864934467367609,0.057499723998793974,0.0967758148614731,0.039350422320730855,35.54116746004737,10.98735125717,0.7966194167312617,0.33692349157323354
SAN_TCN_1SVR,0.2879670467014511,0.09499168738828692,0.23988326434053442,0.08832278814335792,56.229326847134246,13.709531477918167,-0.09152902984525474,0.7210493204725512
SAN_TCN_3SVR,0.10843814156179216,0.01846849029573587,0.08910381434943644,0.013863577552235294,31.14037664682603,4.19098071494885,0.8568841740611998,0.04725737598791545
SAN_noTCN_3SVR,0.1058201902251796,0.014242476135892565,0.08682810928344145,0.009883712039055274,30.659718724413704,3.8806234688559416,0.8654590017128465,0.03731340988232024
WHITEN_TCN_3SVR,0.1195492823729242,0.07924399007725395,0.10285049544790961,0.07314029834150078,34.844151478164655,20.2303535184517,0.7581682126716643,0.594598017717633
