RMSE,MAE,MAPE,R2,variant
0.10604388293523566,0.08737707455317484,19568602.610898435,0.866598764845782,SAN_TCN_3SVR
0.11679101665250657,0.09302976996866617,19701867.2049239,0.8381892073411432,NoSAN_TCN_3SVR
0.10362605396852843,0.085578420095413,19588309.72322147,0.8726125837829091,PCA_TCN_3SVR
0.1001153147161567,0.07525445176764697,13951815.76770882,0.8810978681576884,WHITEN_TCN_3SVR
0.10471824731484351,0.08679368915156685,15638121.393502446,0.8699131681421712,SAN_noTCN_3SVR
0.22692688945075296,0.16991574366074436,49577851.48437236,0.3891134998749203,SAN_TCN_1SVR
